Clanmate;Points
Se7en87;20385027
Mofym;10948362
little deldi;10133571
Arch;8998962
KaLisi;8876555
Safa2017;6285248
Malik2203;4458139
TurinTurambar;4376619
se7en87;3991235
Sir bomber;3266814
Machado;2608196
StellaVist;2257594
Vudogore;2255770
Donkey Muffins;2043049
Finimini1;1999785
Shadowbringer SK;1991910
WADA;1868419
CARNAGE1;1546684
Ironwind;1497971
MarkoBRFla;1490557
Rain Fire;1444591
Sailv;1253356
ZAR;963163
Rainterror;910258
Godfather;907395
ozin blesin;897390
Chiarka;887523
Akhman;885184
Coris;866804
Keleth;816367
WaDa;816212
Mikashura;808711
Fankayel;802898
nicklaus;776523
Meninad;656262
Heof;545075
Deli;516221
Pantera;499059
Artsakh;491705
Csaba;440623
Rza;434964
Defur;425229
Mel SK;420498
Eloise;417613
Goku;415545
kremlin;406223
wodessen;399873
Wada;393746
WadA;392799
ImheartBeat;352857
Maffy;331584
Veverka;256171
Mekil;240854
Frostworker;230749
Mel;199840
Sengul;195345
Ballage;176952
xoana;172890
MBY;154926
Ladislaus;130832
Giulio Cesare;127944
Magnuss;123755
Illor;110966
Sharpstone;108928
Eydaen;92259
Bebur;78693
MAFALDA;76980
Baco;76323
Cassio;75784
martinman;58371
Graveleye;53929
Chiarka SK;41368
Raven;35704
Gleladod;32430
Eloise 2;31643
Earfiren;17818
Athena;16700
RATTUS;13629
RAMBAM;0
Tracker;0
Dontrius;0
Shak2;0
BANK2;0
Mohamed;0
Nikola;0
Funien;0
Soft Grace;0
Lightscar;0
arcael;0
Andromeda;0
Max Mayhem;0
Luchdaing;0
Cordanaya;0
Presidio de Bangu;0
Kekelv;0
Harald B;0
