Clanmate,Common,Rare,Epic,Citadel,heroic Monster,Rise of the Ancients event,JГіrmungandr Shop,Epic JГіrmungandr squad,Epic Fenrir squad,Jormungandr Shop,Epic Jormungandr squad,Arachne's Swarm Epic Squad,Total,Points
Arvilla SK,3,7,287,0,35,0,0,0,6,0,1,0,340,76605
se7en87,397,17,221,25,0,26,7,0,2,3,2,1,724,25377
Se7en87,397,17,221,25,0,26,7,0,2,3,2,1,724,25377
Kulfon,2,24,130,0,0,0,4,0,1,1,6,0,171,18527
Alessa,7,80,7,3,0,4,4,0,2,1,0,0,115,11110
Arch,59,18,23,4,0,13,4,0,2,1,1,0,684,7558
Corpas,97,39,17,5,0,26,6,0,0,4,0,0,230,7231
TurinTurambar,32,32,28,30,0,13,3,0,0,2,1,0,151,6251
nicklaus,58,21,34,88,1,13,4,0,0,1,0,0,227,5268
StellaVist,103,26,53,24,1,13,4,0,0,1,1,0,244,5209
Safa2017,32,30,11,13,1,13,4,0,1,1,1,0,117,4951
Finiminil,82,23,28,1,0,13,3,0,2,2,0,0,161,4673
Rain Fire,25,16,17,23,0,13,4,0,0,1,0,0,117,4457
Vudogore,72,22,26,21,4,13,4,0,1,1,0,1,189,4265
Sailv,31,4,216,2,0,13,4,0,1,1,0,0,284,3006
Donkey Muffins,9,15,15,0,1,4,4,0,1,1,0,0,55,2960
WADA,72,37,20,3,0,26,7,0,0,3,0,0,201,2949
WaDa,72,37,20,3,0,26,7,0,0,3,0,0,201,2949
WadA,72,37,20,3,0,26,7,0,0,3,0,0,201,2949
Elled,30,5,10,0,0,4,4,0,0,1,1,0,56,2885
Rambam,30,6,2,8,1,0,3,0,0,2,0,0,61,2763
Maffy,29,16,24,30,4,5,3,0,0,2,0,0,113,2606
Heof,44,26,23,10,3,13,5,0,0,0,0,0,137,2572
wodessen,41,13,10,14,0,0,4,0,0,1,0,0,85,2501
Sharpstone,47,31,17,5,0,13,3,0,0,2,0,0,122,2418
Andromeda,27,7,25,10,0,0,4,0,0,1,0,1,90,2259
Godfather,18,11,6,7,0,5,3,0,1,2,1,0,67,2234
Mofym,21,5,6,1,1,4,3,0,0,2,0,0,51,2230
Ironwind,26,14,8,14,0,5,4,0,0,1,0,0,85,2180
Keleth,43,0,0,0,0,5,4,0,0,1,0,0,58,2155
arcael,36,4,25,21,16,13,4,0,0,1,0,0,122,2006
Thel,32,14,8,16,2,5,4,0,0,1,0,0,91,2004
Fankayel,43,21,19,0,1,13,2,0,0,0,0,0,103,1971
ozin blesin,64,14,7,0,0,13,4,0,1,1,0,0,103,1961
Orkanio,15,2,17,5,0,0,3,0,0,2,0,0,45,1938
Coris,23,8,6,0,0,13,4,0,1,1,0,0,58,1930
Mikashura,26,6,2,3,0,13,4,0,0,1,0,0,66,1894
ZAR,58,1,18,1,0,5,4,0,0,1,1,0,92,1858
Shadowbringer SK,26,6,2,0,0,5,3,0,0,2,0,0,73,1821
ZumiroNoia,26,7,1,2,0,0,3,0,0,2,0,0,46,1792
MarkoBRFla,32,15,10,6,0,13,2,0,0,1,1,0,84,1767
Rainterror,27,8,7,0,0,5,3,0,0,2,0,0,57,1681
Ladislaus,24,0,4,0,0,5,4,0,1,1,0,0,56,1655
Tracker,32,0,0,0,0,13,3,0,0,2,0,0,55,1605
Frostworker,23,11,6,46,0,5,0,0,0,0,0,0,95,1596
Kekelv,19,7,3,2,0,5,4,0,0,1,0,0,44,1521
Chiarka,85,2,7,0,0,13,4,0,0,1,0,0,119,1474
Ceciel,30,28,16,7,0,13,3,0,0,2,0,0,104,1470
kremlin,39,3,17,4,0,13,3,0,0,2,0,0,82,1460
Shak2,22,4,0,0,0,13,3,0,0,2,0,0,54,1454
Malik2203,34,0,5,0,2,4,4,0,0,1,1,0,58,1324
KaLisi,6,3,8,0,0,5,4,0,1,1,2,0,43,1282
Deli,33,20,11,5,0,13,3,0,0,2,0,0,90,1183
Meninad,20,18,1,28,11,0,3,0,0,2,0,0,90,1181
Harald Bluetooth,24,2,2,3,3,0,4,0,0,1,0,0,46,1145
Rza,24,1,7,2,0,0,4,0,0,1,0,0,43,1132
Sengul,26,0,9,0,0,5,3,0,0,2,0,0,51,1064
Max Mayhem,17,5,7,16,0,4,4,0,0,1,0,0,60,970
RATTUS,44,0,5,1,0,4,3,0,0,2,0,0,78,905
Dontrius,21,3,3,9,3,5,5,0,0,0,0,0,53,881
Mekil,3,9,7,8,0,13,3,0,0,2,0,0,46,879
Defur,28,4,4,4,0,16,4,0,0,1,0,0,61,875
Karen,40,4,4,0,0,4,4,0,0,1,0,0,60,859
AkhmAn,17,8,8,17,0,0,0,0,0,0,0,0,50,855
Mel,21,3,3,4,0,13,4,0,0,1,0,0,54,845
Buzafym,9,2,7,1,0,13,0,0,0,0,0,0,40,840
Presidio de Bangu,47,3,8,3,0,13,0,0,0,0,0,0,74,833
Giulio Cesare,43,1,0,5,0,0,4,0,0,1,0,0,67,773
Destro,5,0,3,0,0,0,1,0,0,0,0,0,10,766
xoana,17,0,5,0,0,9,5,0,0,0,0,0,40,747
silver bank haha,23,0,7,4,0,0,5,0,0,0,0,0,39,747
Mohamed,35,1,4,1,3,4,1,0,0,0,0,0,52,743
MBY,12,4,0,0,0,13,4,0,0,1,0,0,39,738
Graveleye,101,5,11,9,0,13,4,0,0,1,0,0,146,735
Bebur,34,4,3,0,0,13,3,0,0,2,0,0,65,728
Eydaen,39,0,1,0,0,0,4,0,0,1,0,0,60,719
Eloise,17,6,4,2,0,0,4,0,0,1,0,0,46,711
Baco,33,0,7,0,0,5,4,0,0,1,0,0,55,650
Raven,30,0,2,0,0,0,0,0,0,0,0,0,40,642
Earfiren,25,7,6,11,0,0,4,0,0,1,0,0,55,628
Cordanaya,66,8,2,5,3,5,4,0,0,1,0,0,96,621
Gleladod,30,11,4,8,0,0,5,0,0,0,0,0,58,595
Cassio,37,1,7,0,0,13,4,0,0,1,0,0,66,591
Lightscar,20,6,3,0,0,5,4,0,0,1,0,0,44,586
Athena,37,3,3,0,0,0,1,0,0,1,0,0,45,586
Magnuss,28,3,7,0,0,0,3,0,0,2,0,0,43,572
Mel SK,31,0,6,2,0,4,5,0,0,0,0,0,51,562
Angel,10,13,7,14,1,0,0,0,0,0,0,0,45,546
Paulitouno,9,0,5,0,0,0,4,0,0,1,1,0,22,525
Grikelv,24,9,1,0,0,13,3,0,0,2,0,0,55,475
alking1,21,4,5,3,1,0,0,0,0,0,0,0,39,411
Veverka,17,1,3,1,4,13,0,0,0,0,0,0,46,410
Arazuru,15,4,2,3,1,0,0,0,0,0,0,0,29,378
Oliviaa,26,1,1,0,0,13,0,0,0,0,0,0,46,288
Gulron,5,1,1,4,0,0,0,0,0,0,0,0,11,190
Luchdaing,2,0,2,0,0,0,4,0,0,1,0,0,12,116
Legolas,3,0,0,0,0,0,4,0,0,1,0,0,8,20
Deldisel,3,1,0,0,0,0,0,0,0,0,0,0,4,12
abdelrhman,4,0,0,0,0,5,4,0,0,1,0,0,15,11
